<?xml version="1.0" encoding="UTF-8"?>
<map>
    <vertex id="0" x="900" y="0"/>
    <vertex id="1" x="1000" y="0"/>

    <vertex id="2" x="800" y="100"/>
    <vertex id="3" x="1100" y="100"/>
    <vertex id="4" x="1200" y="100"/>
    <vertex id="5" x="1300" y="100"/>
    <vertex id="6" x="1400" y="100"/>
    <vertex id="7" x="1500" y="100"/>
    <vertex id="8" x="1600" y="100"/>

    <vertex id="9" x="700" y="200"/>
    <vertex id="10" x="1200" y="200"/>

    <vertex id="11" x="600" y="300"/>
    <vertex id="12" x="700" y="300"/>
    <vertex id="13" x="800" y="300"/>
    <vertex id="14" x="900" y="300"/>
    <vertex id="15" x="1000" y="300"/>
    <vertex id="16" x="1100" y="300"/>
    <vertex id="17" x="1200" y="300"/>
    <vertex id="18" x="1300" y="300"/>

    <vertex id="19" x="100" y="400"/>
    <vertex id="20" x="200" y="400"/>
    <vertex id="21" x="300" y="400"/>
    <vertex id="22" x="400" y="400"/>
    <vertex id="23" x="500" y="400"/>
    <vertex id="24" x="1400" y="400"/>

    <vertex id="25" x="400" y="500"/>
    <vertex id="26" x="500" y="500"/>
    <vertex id="27" x="600" y="500"/>
    <vertex id="28" x="700" y="500"/>
    <vertex id="29" x="800" y="500"/>
    <vertex id="30" x="900" y="500"/>
    <vertex id="31" x="1000" y="500"/>
    <vertex id="32" x="1100" y="500"/>
    <vertex id="33" x="1200" y="500"/>
    <vertex id="34" x="1300" y="500"/>
    <vertex id="35" x="1400" y="500"/>
    <vertex id="36" x="1500" y="500"/>

    <vertex id="37" x="300" y="600"/>
    <vertex id="38" x="400" y="600"/>
    <vertex id="39" x="500" y="600"/>
    <vertex id="40" x="600" y="600"/>
    <vertex id="41" x="700" y="600"/>
    <vertex id="42" x="800" y="600"/>
    <vertex id="43" x="900" y="600"/>
    <vertex id="44" x="1000" y="600"/>
    <vertex id="45" x="1100" y="600"/>
    <vertex id="46" x="1200" y="600"/>
    <vertex id="47" x="1300" y="600"/>
    <vertex id="48" x="1400" y="600"/>
    <vertex id="49" x="1500" y="600"/>
    <vertex id="50" x="1600" y="600"/>

    <vertex id="51" x="0" y="700"/>
    <vertex id="52" x="100" y="700"/>
    <vertex id="53" x="200" y="700"/>
    <vertex id="54" x="300" y="700"/>
    <vertex id="55" x="400" y="700"/>
    <vertex id="56" x="500" y="700"/>
    <vertex id="57" x="600" y="700"/>
    <vertex id="58" x="700" y="700"/>
    <vertex id="59" x="800" y="700"/>
    <vertex id="60" x="900" y="700"/>
    <vertex id="61" x="1000" y="700"/>
    <vertex id="62" x="1100" y="700"/>
    <vertex id="63" x="1200" y="700"/>
    <vertex id="64" x="1300" y="700"/>
    <vertex id="65" x="1400" y="700"/>
    <vertex id="66" x="1500" y="700"/>
    <vertex id="67" x="1600" y="700"/>
    <vertex id="68" x="1700" y="700"/>
    <vertex id="69" x="1800" y="700"/>
    <vertex id="70" x="1900" y="700"/>
    <vertex id="71" x="2000" y="700"/>
    <vertex id="72" x="2100" y="700"/>
    <vertex id="73" x="2200" y="700"/>
    <vertex id="74" x="2300" y="700"/>
    <vertex id="75" x="2400" y="700"/>
    <vertex id="76" x="2500" y="700"/>
    <vertex id="77" x="2600" y="700"/>
    <vertex id="78" x="2700" y="700"/>

    <vertex id="79" x="200" y="800"/>
    <vertex id="80" x="1900" y="800"/>
    <vertex id="81" x="2500" y="800"/>

    <vertex id="82" x="300" y="900"/>
    <vertex id="83" x="2000" y="900"/>
    <vertex id="84" x="2400" y="900"/>

    <vertex id="85" x="0" y="1000"/>
    <vertex id="86" x="100" y="1000"/>
    <vertex id="87" x="200" y="1000"/>
    <vertex id="88" x="300" y="1000"/>
    <vertex id="89" x="400" y="1000"/>
    <vertex id="90" x="1300" y="1000"/>
    <vertex id="91" x="1400" y="1000"/>
    <vertex id="92" x="1500" y="1000"/>
    <vertex id="93" x="1600" y="1000"/>
    <vertex id="94" x="1700" y="1000"/>
    <vertex id="95" x="1800" y="1000"/>
    <vertex id="96" x="1900" y="1000"/>
    <vertex id="97" x="2000" y="1000"/>
    <vertex id="98" x="2100" y="1000"/>
    <vertex id="99" x="2200" y="1000"/>
    <vertex id="100" x="2300" y="1000"/>

    <vertex id="101" x="500" y="1100"/>
    <vertex id="102" x="600" y="1100"/>
    <vertex id="103" x="700" y="1100"/>
    <vertex id="104" x="800" y="1100"/>
    <vertex id="105" x="900" y="1100"/>
    <vertex id="106" x="1000" y="1100"/>
    <vertex id="107" x="1100" y="1100"/>
    <vertex id="108" x="1200" y="1100"/>
    <vertex id="109" x="1300" y="1100"/>
    <vertex id="110" x="1400" y="1100"/>
    <vertex id="111" x="1500" y="1100"/>
    <vertex id="112" x="1600" y="1100"/>
    <vertex id="113" x="1700" y="1100"/>
    <vertex id="114" x="1800" y="1100"/>
    <vertex id="115" x="1900" y="1100"/>
    <vertex id="116" x="2000" y="1100"/>
    <vertex id="117" x="2100" y="1100"/>
    <vertex id="118" x="2200" y="1100"/>
    <vertex id="119" x="2300" y="1100"/>
    <vertex id="120" x="2400" y="1100"/>
    <vertex id="121" x="2500" y="1100"/>
    <vertex id="122" x="2600" y="1100"/>
    <vertex id="123" x="2700" y="1100"/>



    <edge from="0" to="1" type="right-left" length="100" maxSpeed="50"/>
    <edge from="2" to="0" type="right-left" length="141" maxSpeed="50"/>
    <edge from="1" to="3" type="right-left" length="141" maxSpeed="50"/>
    <edge from="3" to="4" type="right-left" length="100" maxSpeed="50"/>
    <edge from="4" to="5" type="right-left" length="100" maxSpeed="50"/>
    <edge from="5" to="6" type="right-left" length="100" maxSpeed="50"/>
    <edge from="6" to="7" type="right-left" length="100" maxSpeed="50"/>
    <edge from="7" to="8" type="right-left" length="100" maxSpeed="50"/>
    <edge from="9" to="2" type="right-left" length="141" maxSpeed="50"/>
    <edge from="3" to="10" type="right-left" length="141" maxSpeed="50"/>
    <edge from="11" to="9" type="right-left" length="141" maxSpeed="50"/>
    <edge from="11" to="12" type="right-left" length="100" maxSpeed="50"/>
    <edge from="12" to="13" type="right-left" length="100" maxSpeed="50"/>
    <edge from="13" to="14" type="right-left" length="100" maxSpeed="50"/>
    <edge from="14" to="15" type="right-left" length="100" maxSpeed="50"/>
    <edge from="15" to="16" type="right-left" length="100" maxSpeed="50"/>
    <edge from="16" to="17" type="right-left" length="100" maxSpeed="50"/>
    <edge from="10" to="18" type="right-left" length="141" maxSpeed="50"/>
    <edge from="19" to="20" type="right-left" length="100" maxSpeed="50"/>
    <edge from="20" to="21" type="right-left" length="100" maxSpeed="50"/>
    <edge from="21" to="22" type="right-left" length="100" maxSpeed="50"/>
    <edge from="22" to="23" type="right-left" length="100" maxSpeed="50"/>
    <edge from="23" to="11" type="right-left" length="141" maxSpeed="50"/>
    <edge from="18" to="24" type="right-left" length="141" maxSpeed="50"/>
    <edge from="25" to="23" type="right-left" length="141" maxSpeed="50"/>
    <edge from="25" to="26" type="right-left" length="100" maxSpeed="50"/>
    <edge from="26" to="27" type="right-left" length="100" maxSpeed="50"/>
    <edge from="27" to="28" type="right-left" length="100" maxSpeed="50"/>
    <edge from="28" to="29" type="right-left" length="100" maxSpeed="50"/>
    <edge from="29" to="30" type="right-left" length="100" maxSpeed="50"/>
    <edge from="30" to="31" type="right-left" length="100" maxSpeed="50"/>
    <edge from="31" to="32" type="right-left" length="100" maxSpeed="50"/>
    <edge from="32" to="33" type="right-left" length="100" maxSpeed="50"/>
    <edge from="33" to="34" type="right-left" length="100" maxSpeed="50"/>
    <edge from="34" to="35" type="right-left" length="100" maxSpeed="50"/>
    <edge from="35" to="36" type="right-left" length="100" maxSpeed="50"/>
    <edge from="24" to="36" type="right-left" length="141" maxSpeed="50"/>

    <edge from="37" to="25" type="right-left" length="141" maxSpeed="50"/>
    <edge from="37" to="38" type="right-left" length="100" maxSpeed="50"/>
    <edge from="38" to="39" type="right-left" length="100" maxSpeed="50"/>
    <edge from="39" to="40" type="right-left" length="100" maxSpeed="50"/>
    <edge from="40" to="41" type="right-left" length="100" maxSpeed="50"/>
    <edge from="41" to="42" type="right-left" length="100" maxSpeed="50"/>
    <edge from="42" to="43" type="right-left" length="100" maxSpeed="50"/>
    <edge from="43" to="44" type="right-left" length="100" maxSpeed="50"/>
    <edge from="44" to="45" type="right-left" length="100" maxSpeed="50"/>
    <edge from="45" to="46" type="right-left" length="100" maxSpeed="50"/>
    <edge from="46" to="47" type="right-left" length="100" maxSpeed="50"/>
    <edge from="47" to="48" type="right-left" length="100" maxSpeed="50"/>
    <edge from="48" to="49" type="right-left" length="100" maxSpeed="50"/>
    <edge from="49" to="50" type="right-left" length="100" maxSpeed="50"/>
    <edge from="36" to="50" type="right-left" length="141" maxSpeed="50"/>

    <edge from="51" to="52" type="right-left" length="100" maxSpeed="50"/>
    <edge from="52" to="53" type="right-left" length="100" maxSpeed="50"/>
    <edge from="53" to="54" type="right-left" length="100" maxSpeed="50"/>
    <edge from="53" to="37" type="right-left" length="141" maxSpeed="50"/>
    <edge from="54" to="55" type="right-left" length="100" maxSpeed="50"/>
    <edge from="55" to="56" type="right-left" length="100" maxSpeed="50"/>
    <edge from="56" to="57" type="right-left" length="100" maxSpeed="50"/>
    <edge from="57" to="58" type="right-left" length="100" maxSpeed="50"/>
    <edge from="58" to="59" type="right-left" length="100" maxSpeed="50"/>
    <edge from="59" to="60" type="right-left" length="100" maxSpeed="50"/>
    <edge from="60" to="61" type="right-left" length="100" maxSpeed="50"/>
    <edge from="61" to="62" type="right-left" length="100" maxSpeed="50"/>
    <edge from="62" to="63" type="right-left" length="100" maxSpeed="50"/>
    <edge from="63" to="64" type="right-left" length="100" maxSpeed="50"/>
    <edge from="64" to="65" type="right-left" length="100" maxSpeed="50"/>
    <edge from="65" to="66" type="right-left" length="100" maxSpeed="50"/>
    <edge from="66" to="67" type="right-left" length="100" maxSpeed="50"/>
    <edge from="67" to="68" type="right-left" length="100" maxSpeed="50"/>
    <edge from="50" to="68" type="right-left" length="141" maxSpeed="50"/>
    <edge from="68" to="69" type="right-left" length="100" maxSpeed="50"/>
    <edge from="69" to="70" type="right-left" length="100" maxSpeed="50"/>
    <edge from="70" to="71" type="right-left" length="100" maxSpeed="50"/>
    <edge from="71" to="72" type="right-left" length="100" maxSpeed="50"/>
    <edge from="72" to="73" type="right-left" length="100" maxSpeed="50"/>
    <edge from="73" to="74" type="right-left" length="100" maxSpeed="50"/>
    <edge from="74" to="75" type="right-left" length="100" maxSpeed="50"/>
    <edge from="75" to="76" type="right-left" length="100" maxSpeed="50"/>
    <edge from="76" to="77" type="right-left" length="100" maxSpeed="50"/>
    <edge from="77" to="78" type="right-left" length="100" maxSpeed="50"/>

    <edge from="52" to="79" type="right-left" length="141" maxSpeed="50"/>
    <edge from="69" to="80" type="right-left" length="141" maxSpeed="50"/>
    <edge from="81" to="77" type="right-left" length="141" maxSpeed="50"/>

    <edge from="79" to="82" type="right-left" length="141" maxSpeed="50"/>
    <edge from="80" to="83" type="right-left" length="141" maxSpeed="50"/>
    <edge from="84" to="81" type="right-left" length="141" maxSpeed="50"/>

    <edge from="85" to="86" type="right-left" length="100" maxSpeed="50"/>
    <edge from="86" to="87" type="right-left" length="100" maxSpeed="50"/>
    <edge from="87" to="88" type="right-left" length="100" maxSpeed="50"/>
    <edge from="88" to="89" type="right-left" length="100" maxSpeed="50"/>
    <edge from="82" to="89" type="right-left" length="141" maxSpeed="50"/>
    <edge from="90" to="91" type="right-left" length="100" maxSpeed="50"/>
    <edge from="91" to="92" type="right-left" length="100" maxSpeed="50"/>
    <edge from="92" to="93" type="right-left" length="100" maxSpeed="50"/>
    <edge from="93" to="94" type="right-left" length="100" maxSpeed="50"/>
    <edge from="94" to="95" type="right-left" length="100" maxSpeed="50"/>
    <edge from="95" to="96" type="right-left" length="100" maxSpeed="50"/>
    <edge from="96" to="97" type="right-left" length="100" maxSpeed="50"/>
    <edge from="97" to="98" type="right-left" length="100" maxSpeed="50"/>
    <edge from="83" to="98" type="right-left" length="141" maxSpeed="50"/>
    <edge from="98" to="99" type="right-left" length="100" maxSpeed="50"/>
    <edge from="99" to="100" type="right-left" length="100" maxSpeed="50"/>
    <edge from="100" to="84" type="right-left" length="141" maxSpeed="50"/>

    <edge from="89" to="101" type="right-left" length="141" maxSpeed="50"/>
    <edge from="101" to="102" type="right-left" length="100" maxSpeed="50"/>
    <edge from="102" to="103" type="right-left" length="100" maxSpeed="50"/>
    <edge from="103" to="104" type="right-left" length="100" maxSpeed="50"/>
    <edge from="104" to="105" type="right-left" length="100" maxSpeed="50"/>
    <edge from="105" to="106" type="right-left" length="100" maxSpeed="50"/>
    <edge from="106" to="107" type="right-left" length="100" maxSpeed="50"/>
    <edge from="107" to="108" type="right-left" length="100" maxSpeed="50"/>
    <edge from="108" to="109" type="right-left" length="100" maxSpeed="50"/>
    <edge from="109" to="110" type="right-left" length="100" maxSpeed="50"/>
    <edge from="110" to="111" type="right-left" length="100" maxSpeed="50"/>
    <edge from="111" to="112" type="right-left" length="100" maxSpeed="50"/>
    <edge from="112" to="113" type="right-left" length="100" maxSpeed="50"/>
    <edge from="113" to="114" type="right-left" length="100" maxSpeed="50"/>
    <edge from="114" to="115" type="right-left" length="100" maxSpeed="50"/>
    <edge from="114" to="96" type="right-left" length="141" maxSpeed="50"/>
    <edge from="115" to="116" type="right-left" length="100" maxSpeed="50"/>
    <edge from="116" to="117" type="right-left" length="100" maxSpeed="50"/>
    <edge from="117" to="118" type="right-left" length="100" maxSpeed="50"/>
    <edge from="99" to="119" type="right-left" length="141" maxSpeed="50"/>
    <edge from="118" to="119" type="right-left" length="100" maxSpeed="50"/>
    <edge from="119" to="120" type="right-left" length="100" maxSpeed="50"/>
    <edge from="120" to="121" type="right-left" length="100" maxSpeed="50"/>
    <edge from="121" to="122" type="right-left" length="100" maxSpeed="50"/>
    <edge from="122" to="123" type="right-left" length="100" maxSpeed="50"/>

<!--    <edge from="108" to="90" type="right-left"/>-->
</map>
