<?xml version="1.0" encoding="UTF-8"?>
<map>
    <vertex id="0" x="1900" y="0"/>
    <vertex id="1" x="2000" y="0"/>
    <vertex id="2" x="2100" y="0"/>
    <vertex id="3" x="2200" y="0"/>
    <vertex id="4" x="2300" y="0"/>

    <vertex id="5" x="1800" y="100"/>
    <vertex id="6" x="2000" y="100"/>
    <vertex id="7" x="2100" y="100"/>
    <vertex id="8" x="2200" y="100"/>
    <vertex id="9" x="2300" y="100"/>

    <vertex id="10" x="1700" y="200"/>
    <vertex id="11" x="1900" y="200"/>
    <vertex id="12" x="2000" y="200"/>
    <vertex id="13" x="2100" y="200"/>
    <vertex id="14" x="2200" y="200"/>
    <vertex id="15" x="2300" y="200"/>
    <vertex id="16" x="2400" y="200"/>

    <vertex id="17" x="1600" y="300"/>
    <vertex id="18" x="1700" y="300"/>
    <vertex id="19" x="1800" y="300"/>
    <vertex id="20" x="1900" y="300"/>
    <vertex id="21" x="2000" y="300"/>
    <vertex id="22" x="2100" y="300"/>
    <vertex id="23" x="2200" y="300"/>
    <vertex id="24" x="2300" y="300"/>
    <vertex id="25" x="2400" y="300"/>

    <vertex id="26" x="1500" y="400"/>
    <vertex id="27" x="1700" y="400"/>
    <vertex id="28" x="1800" y="400"/>
    <vertex id="29" x="1900" y="400"/>
    <vertex id="30" x="2000" y="400"/>
    <vertex id="31" x="2100" y="400"/>
    <vertex id="32" x="2200" y="400"/>
    <vertex id="33" x="2300" y="400"/>

    <vertex id="34" x="1400" y="500"/>
    <vertex id="35" x="1500" y="500"/>
    <vertex id="36" x="1600" y="500"/>
    <vertex id="37" x="1700" y="500"/>
    <vertex id="38" x="1800" y="500"/>
    <vertex id="39" x="1900" y="500"/>
    <vertex id="40" x="2000" y="500"/>
    <vertex id="41" x="2100" y="500"/>
    <vertex id="42" x="2200" y="500"/>
    <vertex id="43" x="2300" y="500"/>
    <vertex id="44" x="2400" y="500"/>

    <vertex id="45" x="1300" y="600"/>
    <vertex id="46" x="2100" y="600"/>
    <vertex id="47" x="2200" y="600"/>
    <vertex id="48" x="2300" y="600"/>
    <vertex id="49" x="2400" y="600"/>

    <vertex id="50" x="400" y="700"/>
    <vertex id="51" x="500" y="700"/>
    <vertex id="52" x="600" y="700"/>
    <vertex id="53" x="700" y="700"/>
    <vertex id="54" x="800" y="700"/>
    <vertex id="55" x="900" y="700"/>
    <vertex id="56" x="1000" y="700"/>
    <vertex id="57" x="1100" y="700"/>
    <vertex id="58" x="1200" y="700"/>
    <vertex id="59" x="1300" y="700"/>
    <vertex id="60" x="1400" y="700"/>
    <vertex id="61" x="1500" y="700"/>
    <vertex id="62" x="1600" y="700"/>
    <vertex id="63" x="1700" y="700"/>
    <vertex id="64" x="2000" y="700"/>
    <vertex id="65" x="2300" y="700"/>

    <vertex id="66" x="1100" y="800"/>
    <vertex id="67" x="1800" y="800"/>
    <vertex id="68" x="1900" y="800"/>
    <vertex id="69" x="2000" y="800"/>
    <vertex id="70" x="2100" y="800"/>
    <vertex id="71" x="2200" y="800"/>
    <vertex id="72" x="2300" y="800"/>
    <vertex id="73" x="2400" y="800"/>
    <vertex id="74" x="2500" y="800"/>
    <vertex id="75" x="2600" y="800"/>

    <vertex id="76" x="1000" y="900"/>
    <vertex id="77" x="1900" y="900"/>
    <vertex id="78" x="2000" y="900"/>
    <vertex id="79" x="2100" y="900"/>
    <vertex id="80" x="2200" y="900"/>
    <vertex id="81" x="2300" y="900"/>
    <vertex id="82" x="2400" y="900"/>
    <vertex id="83" x="2700" y="900"/>
    <vertex id="84" x="2800" y="900"/>

    <vertex id="85" x="0" y="1000"/>
    <vertex id="86" x="100" y="1000"/>
    <vertex id="87" x="200" y="1000"/>
    <vertex id="88" x="300" y="1000"/>
    <vertex id="89" x="400" y="1000"/>
    <vertex id="90" x="500" y="1000"/>
    <vertex id="91" x="600" y="1000"/>
    <vertex id="92" x="700" y="1000"/>
    <vertex id="93" x="800" y="1000"/>
    <vertex id="94" x="900" y="1000"/>
    <vertex id="95" x="1000" y="1000"/>
    <vertex id="96" x="1100" y="1000"/>
    <vertex id="97" x="1200" y="1000"/>
    <vertex id="98" x="1300" y="1000"/>
    <vertex id="99" x="1400" y="1000"/>
    <vertex id="100" x="1500" y="1000"/>
    <vertex id="101" x="1600" y="1000"/>
    <vertex id="102" x="1700" y="1000"/>
    <vertex id="103" x="1800" y="1000"/>
    <vertex id="104" x="1900" y="1000"/>
    <vertex id="105" x="2000" y="1000"/>
    <vertex id="106" x="2100" y="1000"/>
    <vertex id="107" x="2200" y="1000"/>
    <vertex id="108" x="2300" y="1000"/>
    <vertex id="109" x="2400" y="1000"/>
    <vertex id="110" x="2500" y="1000"/>
    <vertex id="111" x="2600" y="1000"/>
    <vertex id="112" x="2700" y="1000"/>
    <vertex id="113" x="2800" y="1000"/>
    <vertex id="114" x="2900" y="1000"/>
    <vertex id="115" x="3000" y="1000"/>
    <vertex id="116" x="3100" y="1000"/>
    <vertex id="117" x="3200" y="1000"/>
    <vertex id="118" x="3300" y="1000"/>
    <vertex id="119" x="3400" y="1000"/>

    <vertex id="120" x="200" y="1100"/>
    <vertex id="121" x="500" y="1100"/>
    <vertex id="122" x="700" y="1100"/>
    <vertex id="123" x="2100" y="1100"/>
    <vertex id="124" x="2200" y="1100"/>
    <vertex id="125" x="2300" y="1100"/>
    <vertex id="126" x="2400" y="1100"/>
    <vertex id="127" x="2500" y="1100"/>
    <vertex id="128" x="2600" y="1100"/>
    <vertex id="129" x="2700" y="1100"/>
    <vertex id="130" x="2800" y="1100"/>
    <vertex id="131" x="3100" y="1100"/>

    <vertex id="132" x="300" y="1200"/>
    <vertex id="133" x="600" y="1200"/>
    <vertex id="134" x="2000" y="1200"/>
    <vertex id="135" x="2100" y="1200"/>
    <vertex id="136" x="2200" y="1200"/>
    <vertex id="137" x="2300" y="1200"/>
    <vertex id="138" x="2400" y="1200"/>
    <vertex id="139" x="2500" y="1200"/>
    <vertex id="140" x="2600" y="1200"/>
    <vertex id="141" x="2900" y="1200"/>
    <vertex id="142" x="3000" y="1200"/>
    <vertex id="143" x="3200" y="1200"/>

    <vertex id="144" x="0" y="1300"/>
    <vertex id="145" x="100" y="1300"/>
    <vertex id="146" x="200" y="1300"/>
    <vertex id="147" x="300" y="1300"/>
    <vertex id="148" x="400" y="1300"/>
    <vertex id="149" x="500" y="1300"/>
    <vertex id="150" x="600" y="1300"/>
    <vertex id="151" x="700" y="1300"/>
    <vertex id="152" x="800" y="1300"/>
    <vertex id="153" x="900" y="1300"/>
    <vertex id="154" x="1000" y="1300"/>
    <vertex id="155" x="1100" y="1300"/>
    <vertex id="156" x="1200" y="1300"/>
    <vertex id="157" x="1300" y="1300"/>
    <vertex id="158" x="1400" y="1300"/>
    <vertex id="159" x="1500" y="1300"/>
    <vertex id="160" x="1600" y="1300"/>
    <vertex id="161" x="1700" y="1300"/>
    <vertex id="162" x="1800" y="1300"/>
    <vertex id="163" x="1900" y="1300"/>
    <vertex id="164" x="2000" y="1300"/>
    <vertex id="165" x="2100" y="1300"/>
    <vertex id="166" x="2200" y="1300"/>
    <vertex id="167" x="2300" y="1300"/>
    <vertex id="168" x="2400" y="1300"/>
    <vertex id="169" x="2500" y="1300"/>
    <vertex id="170" x="2600" y="1300"/>
    <vertex id="171" x="2700" y="1300"/>
    <vertex id="172" x="2800" y="1300"/>
    <vertex id="173" x="2900" y="1300"/>
    <vertex id="174" x="3000" y="1300"/>
    <vertex id="175" x="3100" y="1300"/>
    <vertex id="176" x="3200" y="1300"/>
    <vertex id="177" x="3300" y="1300"/>
    <vertex id="178" x="3400" y="1300"/>

    <edge from="0" to="1" type="right-left" length="100" maxSpeed="50"/>
    <edge from="1" to="2" type="right-left" length="100" maxSpeed="50"/>
    <edge from="2" to="3" type="right-left" length="100" maxSpeed="50"/>
    <edge from="3" to="4" type="right-left" length="100" maxSpeed="50"/>

    <edge from="6" to="7" type="right-left" length="100" maxSpeed="50"/>
    <edge from="7" to="8" type="right-left" length="100" maxSpeed="50"/>
    <edge from="8" to="9" type="right-left" length="100" maxSpeed="50"/>

    <edge from="12" to="13" type="right-left" length="100" maxSpeed="50"/>
    <edge from="13" to="14" type="right-left" length="100" maxSpeed="50"/>
    <edge from="14" to="15" type="right-left" length="100" maxSpeed="50"/>
    <edge from="15" to="16" type="right-left" length="100" maxSpeed="50"/>

    <edge from="17" to="18" type="right-left" length="100" maxSpeed="50"/>
    <edge from="18" to="19" type="right-left" length="100" maxSpeed="50"/>

    <edge from="21" to="22" type="right-left" length="100" maxSpeed="50"/>
    <edge from="22" to="23" type="right-left" length="100" maxSpeed="50"/>
    <edge from="23" to="24" type="right-left" length="100" maxSpeed="50"/>
    <edge from="24" to="25" type="right-left" length="100" maxSpeed="50"/>

    <edge from="27" to="28" type="right-left" length="100" maxSpeed="50"/>
    <edge from="28" to="29" type="right-left" length="100" maxSpeed="50"/>
    <edge from="29" to="30" type="right-left" length="100" maxSpeed="50"/>
    <edge from="30" to="31" type="right-left" length="100" maxSpeed="50"/>
    <edge from="31" to="32" type="right-left" length="100" maxSpeed="50"/>
    <edge from="32" to="33" type="right-left" length="100" maxSpeed="50"/>

    <edge from="34" to="35" type="right-left" length="100" maxSpeed="50"/>
    <edge from="35" to="36" type="right-left" length="100" maxSpeed="50"/>
    <edge from="36" to="37" type="right-left" length="100" maxSpeed="50"/>
    <edge from="37" to="38" type="right-left" length="100" maxSpeed="50"/>
    <edge from="38" to="39" type="right-left" length="100" maxSpeed="50"/>
    <edge from="39" to="40" type="right-left" length="100" maxSpeed="50"/>
    <edge from="40" to="41" type="right-left" length="100" maxSpeed="50"/>
    <edge from="41" to="42" type="right-left" length="100" maxSpeed="50"/>
    <edge from="42" to="43" type="right-left" length="100" maxSpeed="50"/>
    <edge from="43" to="44" type="right-left" length="100" maxSpeed="50"/>

    <edge from="46" to="47" type="right-left" length="100" maxSpeed="50"/>
    <edge from="48" to="49" type="right-left" length="100" maxSpeed="50"/>

    <edge from="50" to="51" type="right-left" length="100" maxSpeed="50"/>
    <edge from="51" to="52" type="right-left" length="100" maxSpeed="50"/>
    <edge from="52" to="53" type="right-left" length="100" maxSpeed="50"/>
    <edge from="53" to="54" type="right-left" length="100" maxSpeed="50"/>
    <edge from="54" to="55" type="right-left" length="100" maxSpeed="50"/>
    <edge from="55" to="56" type="right-left" length="100" maxSpeed="50"/>
    <edge from="56" to="57" type="right-left" length="100" maxSpeed="50"/>
    <edge from="57" to="58" type="right-left" length="100" maxSpeed="50"/>
    <edge from="58" to="59" type="right-left" length="100" maxSpeed="50"/>
    <edge from="59" to="60" type="right-left" length="100" maxSpeed="50"/>
    <edge from="60" to="61" type="right-left" length="100" maxSpeed="50"/>
    <edge from="61" to="62" type="right-left" length="100" maxSpeed="50"/>
    <edge from="62" to="63" type="right-left" length="100" maxSpeed="50"/>

    <edge from="67" to="68" type="right-left" length="100" maxSpeed="50"/>
    <edge from="68" to="69" type="right-left" length="100" maxSpeed="50"/>
    <edge from="69" to="70" type="right-left" length="100" maxSpeed="50"/>
    <edge from="70" to="71" type="right-left" length="100" maxSpeed="50"/>
    <edge from="71" to="72" type="right-left" length="100" maxSpeed="50"/>
    <edge from="72" to="73" type="right-left" length="100" maxSpeed="50"/>
    <edge from="73" to="74" type="right-left" length="100" maxSpeed="50"/>
    <edge from="74" to="75" type="right-left" length="100" maxSpeed="50"/>
0
    <edge from="77" to="78" type="right-left" length="100" maxSpeed="50"/>
    <edge from="78" to="79" type="right-left" length="100" maxSpeed="50"/>
    <edge from="79" to="80" type="right-left" length="100" maxSpeed="50"/>
    <edge from="80" to="81" type="right-left" length="100" maxSpeed="50"/>
    <edge from="81" to="82" type="right-left" length="100" maxSpeed="50"/>
    <edge from="83" to="84" type="right-left" length="100" maxSpeed="50"/>

    <edge from="85" to="86" type="right-left" length="100" maxSpeed="50"/>
    <edge from="86" to="87" type="right-left" length="100" maxSpeed="50"/>
    <edge from="87" to="88" type="right-left" length="100" maxSpeed="50"/>
    <edge from="88" to="89" type="right-left" length="100" maxSpeed="50"/>
    <edge from="89" to="90" type="right-left" length="100" maxSpeed="50"/>
    <edge from="90" to="91" type="right-left" length="100" maxSpeed="50"/>
    <edge from="91" to="92" type="right-left" length="100" maxSpeed="50"/>
    <edge from="92" to="93" type="right-left" length="100" maxSpeed="50"/>
    <edge from="93" to="94" type="right-left" length="100" maxSpeed="50"/>
    <edge from="94" to="95" type="right-left" length="100" maxSpeed="50"/>
    <edge from="95" to="96" type="right-left" length="100" maxSpeed="50"/>
    <edge from="96" to="97" type="right-left" length="100" maxSpeed="50"/>
    <edge from="97" to="98" type="right-left" length="100" maxSpeed="50"/>
    <edge from="98" to="99" type="right-left" length="100" maxSpeed="50"/>
    <edge from="99" to="100" type="right-left" length="100" maxSpeed="50"/>
    <edge from="100" to="101" type="right-left" length="100" maxSpeed="50"/>
    <edge from="101" to="102" type="right-left" length="100" maxSpeed="50"/>
    <edge from="102" to="103" type="right-left" length="100" maxSpeed="50"/>
    <edge from="103" to="104" type="right-left" length="100" maxSpeed="50"/>
    <edge from="104" to="105" type="right-left" length="100" maxSpeed="50"/>
    <edge from="105" to="106" type="right-left" length="100" maxSpeed="50"/>
    <edge from="106" to="107" type="right-left" length="100" maxSpeed="50"/>
    <edge from="107" to="108" type="right-left" length="100" maxSpeed="50"/>
    <edge from="108" to="109" type="right-left" length="100" maxSpeed="50"/>
    <edge from="109" to="110" type="right-left" length="100" maxSpeed="50"/>
    <edge from="110" to="111" type="right-left" length="100" maxSpeed="50"/>
    <edge from="111" to="112" type="right-left" length="100" maxSpeed="50"/>
    <edge from="112" to="113" type="right-left" length="100" maxSpeed="50"/>
    <edge from="113" to="114" type="right-left" length="100" maxSpeed="50"/>
    <edge from="114" to="115" type="right-left" length="100" maxSpeed="50"/>
    <edge from="115" to="116" type="right-left" length="100" maxSpeed="50"/>
    <edge from="116" to="117" type="right-left" length="100" maxSpeed="50"/>
    <edge from="117" to="118" type="right-left" length="100" maxSpeed="50"/>
    <edge from="118" to="119" type="right-left" length="100" maxSpeed="50"/>

    <edge from="123" to="124" type="right-left" length="100" maxSpeed="50"/>
    <edge from="124" to="125" type="right-left" length="100" maxSpeed="50"/>
    <edge from="125" to="126" type="right-left" length="100" maxSpeed="50"/>
    <edge from="126" to="127" type="right-left" length="100" maxSpeed="50"/>
    <edge from="127" to="128" type="right-left" length="100" maxSpeed="50"/>
    <edge from="128" to="129" type="right-left" length="100" maxSpeed="50"/>
    <edge from="129" to="130" type="right-left" length="100" maxSpeed="50"/>

    <edge from="134" to="135" type="right-left" length="100" maxSpeed="50"/>
    <edge from="135" to="136" type="right-left" length="100" maxSpeed="50"/>
    <edge from="136" to="137" type="right-left" length="100" maxSpeed="50"/>
    <edge from="137" to="138" type="right-left" length="100" maxSpeed="50"/>
    <edge from="138" to="139" type="right-left" length="100" maxSpeed="50"/>
    <edge from="139" to="140" type="right-left" length="100" maxSpeed="50"/>
    <edge from="141" to="142" type="right-left" length="100" maxSpeed="50"/>

    <edge from="144" to="145" type="right-left" length="100" maxSpeed="50"/>
    <edge from="145" to="146" type="right-left" length="100" maxSpeed="50"/>
    <edge from="146" to="147" type="right-left" length="100" maxSpeed="50"/>
    <edge from="147" to="148" type="right-left" length="100" maxSpeed="50"/>
    <edge from="148" to="149" type="right-left" length="100" maxSpeed="50"/>
    <edge from="149" to="150" type="right-left" length="100" maxSpeed="50"/>
    <edge from="150" to="151" type="right-left" length="100" maxSpeed="50"/>
    <edge from="151" to="152" type="right-left" length="100" maxSpeed="50"/>
    <edge from="152" to="153" type="right-left" length="100" maxSpeed="50"/>
    <edge from="153" to="154" type="right-left" length="100" maxSpeed="50"/>
    <edge from="154" to="155" type="right-left" length="100" maxSpeed="50"/>
    <edge from="155" to="156" type="right-left" length="100" maxSpeed="50"/>
    <edge from="156" to="157" type="right-left" length="100" maxSpeed="50"/>
    <edge from="157" to="158" type="right-left" length="100" maxSpeed="50"/>
    <edge from="158" to="159" type="right-left" length="100" maxSpeed="50"/>
    <edge from="159" to="160" type="right-left" length="100" maxSpeed="50"/>
    <edge from="160" to="161" type="right-left" length="100" maxSpeed="50"/>
    <edge from="161" to="162" type="right-left" length="100" maxSpeed="50"/>
    <edge from="162" to="163" type="right-left" length="100" maxSpeed="50"/>
    <edge from="163" to="164" type="right-left" length="100" maxSpeed="50"/>
    <edge from="164" to="165" type="right-left" length="100" maxSpeed="50"/>
    <edge from="165" to="166" type="right-left" length="100" maxSpeed="50"/>
    <edge from="166" to="167" type="right-left" length="100" maxSpeed="50"/>
    <edge from="167" to="168" type="right-left" length="100" maxSpeed="50"/>
    <edge from="168" to="169" type="right-left" length="100" maxSpeed="50"/>
    <edge from="169" to="170" type="right-left" length="100" maxSpeed="50"/>
    <edge from="170" to="171" type="right-left" length="100" maxSpeed="50"/>
    <edge from="171" to="172" type="right-left" length="100" maxSpeed="50"/>
    <edge from="172" to="173" type="right-left" length="100" maxSpeed="50"/>
    <edge from="173" to="174" type="right-left" length="100" maxSpeed="50"/>
    <edge from="174" to="175" type="right-left" length="100" maxSpeed="50"/>
    <edge from="175" to="176" type="right-left" length="100" maxSpeed="50"/>
    <edge from="176" to="177" type="right-left" length="100" maxSpeed="50"/>
    <edge from="177" to="178" type="right-left" length="100" maxSpeed="50"/>

    <edge from="86" to="120" type="right-left" length="141" maxSpeed="50"/>
    <edge from="120" to="132" type="right-left" length="141" maxSpeed="50"/>
    <edge from="132" to="148" type="right-left" length="141" maxSpeed="50"/>
    <edge from="89" to="121" type="right-left" length="141" maxSpeed="50"/>
    <edge from="121" to="133" type="right-left" length="141" maxSpeed="50"/>
    <edge from="133" to="151" type="right-left" length="141" maxSpeed="50"/>
    <edge from="149" to="133" type="right-left" length="141" maxSpeed="50"/>
    <edge from="133" to="122" type="right-left" length="141" maxSpeed="50"/>
    <edge from="122" to="93" type="right-left" length="141" maxSpeed="50"/>
    <edge from="163" to="134" type="right-left" length="141" maxSpeed="50"/>

    <edge from="135" to="124" type="right-left" length="141" maxSpeed="50"/>
    <edge from="105" to="123" type="right-left" length="141" maxSpeed="50"/>
    <edge from="109" to="127" type="right-left" length="141" maxSpeed="50"/>
    <edge from="140" to="171" type="right-left" length="141" maxSpeed="50"/>
    <edge from="130" to="114" type="right-left" length="141" maxSpeed="50"/>
    <edge from="172" to="141" type="right-left" length="141" maxSpeed="50"/>
    <edge from="142" to="131" type="right-left" length="141" maxSpeed="50"/>
    <edge from="131" to="117" type="right-left" length="141" maxSpeed="50"/>
    <edge from="115" to="131" type="right-left" length="141" maxSpeed="50"/>
    <edge from="131" to="143" type="right-left" length="141" maxSpeed="50"/>
    <edge from="143" to="177" type="right-left" length="141" maxSpeed="50"/>

    <edge from="94" to="76" type="right-left" length="141" maxSpeed="50"/>
    <edge from="76" to="66" type="right-left" length="141" maxSpeed="50"/>
    <edge from="66" to="58" type="right-left" length="141" maxSpeed="50"/>
    <edge from="58" to="45" type="right-left" length="141" maxSpeed="50"/>
    <edge from="45" to="34" type="right-left" length="141" maxSpeed="50"/>
    <edge from="34" to="26" type="right-left" length="141" maxSpeed="50"/>
    <edge from="26" to="17" type="right-left" length="141" maxSpeed="50"/>
    <edge from="17" to="10" type="right-left" length="141" maxSpeed="50"/>
    <edge from="10" to="5" type="right-left" length="141" maxSpeed="50"/>
    <edge from="5" to="0" type="right-left" length="141" maxSpeed="50"/>

    <edge from="36" to="27" type="right-left" length="141" maxSpeed="50"/>
    <edge from="29" to="21" type="right-left" length="141" maxSpeed="50"/>
    <edge from="28" to="20" type="right-left" length="141" maxSpeed="50"/>
    <edge from="20" to="12" type="right-left" length="141" maxSpeed="50"/>
    <edge from="19" to="11" type="right-left" length="141" maxSpeed="50"/>
    <edge from="11" to="6" type="right-left" length="141" maxSpeed="50"/>
    <edge from="42" to="48" type="right-left" length="141" maxSpeed="50"/>
    <edge from="63" to="67" type="right-left" length="141" maxSpeed="50"/>
    <edge from="67" to="77" type="right-left" length="141" maxSpeed="50"/>
    <edge from="104" to="78" type="right-left" length="141" maxSpeed="50"/>

    <edge from="68" to="64" type="right-left" length="141" maxSpeed="50"/>
    <edge from="64" to="46" type="right-left" length="141" maxSpeed="50"/>
    <edge from="47" to="65" type="right-left" length="141" maxSpeed="50"/>
    <edge from="65" to="73" type="right-left" length="141" maxSpeed="50"/>
    <edge from="82" to="74" type="right-left" length="141" maxSpeed="50"/>
    <edge from="75" to="83" type="right-left" length="141" maxSpeed="50"/>
    <edge from="83" to="113" type="right-left" length="141" maxSpeed="50"/>



</map>
