<?xml version="1.0" encoding="UTF-8"?>
<map>
    <vertex id="0" x="13000" y="0"/>
    <vertex id="1" x="14000" y="0"/>
    <vertex id="2" x="15000" y="0"/>
    <vertex id="3" x="16000" y="0"/>

    <vertex id="4" x="12000" y="1000"/>
    <vertex id="5" x="14000" y="1000"/>
    <vertex id="6" x="15000" y="1000"/>
    <vertex id="7" x="16000" y="1000"/>

    <vertex id="8" x="11000" y="2000"/>
    <vertex id="9" x="12000" y="2000"/>
    <vertex id="10" x="13000" y="2000"/>
    <vertex id="11" x="15000" y="2000"/>
    <vertex id="12" x="16000" y="2000"/>
    <vertex id="13" x="17000" y="2000"/>
    <vertex id="14" x="18000" y="2000"/>

    <vertex id="15" x="10000" y="3000"/>
    <vertex id="16" x="14000" y="3000"/>
    <vertex id="17" x="15000" y="3000"/>
    <vertex id="18" x="16000" y="3000"/>
    <vertex id="19" x="17000" y="3000"/>
    <vertex id="20" x="18000" y="3000"/>

    <vertex id="21" x="9000" y="4000"/>
    <vertex id="22" x="10000" y="4000"/>
    <vertex id="23" x="13000" y="4000"/>
    <vertex id="24" x="14000" y="4000"/>
    <vertex id="25" x="15000" y="4000"/>
    <vertex id="26" x="16000" y="4000"/>
    <vertex id="27" x="17000" y="4000"/>
    <vertex id="28" x="18000" y="4000"/>

    <vertex id="29" x="3000" y="5000"/>
    <vertex id="30" x="4000" y="5000"/>
    <vertex id="31" x="5000" y="5000"/>
    <vertex id="32" x="6000" y="5000"/>
    <vertex id="33" x="7000" y="5000"/>
    <vertex id="34" x="8000" y="5000"/>
    <vertex id="35" x="9000" y="5000"/>
    <vertex id="36" x="11000" y="5000"/>

    <vertex id="37" x="12000" y="5000"/>
    <vertex id="38" x="13000" y="5000"/>
    <vertex id="39" x="14000" y="5000"/>
    <vertex id="40" x="16000" y="5000"/>
    <vertex id="41" x="17000" y="5000"/>
    <vertex id="42" x="18000" y="5000"/>

    <vertex id="43" x="0" y="6000"/>
    <vertex id="44" x="1000" y="6000"/>
    <vertex id="45" x="2000" y="6000"/>
    <vertex id="46" x="3000" y="6000"/>
    <vertex id="47" x="4000" y="6000"/>
    <vertex id="48" x="5000" y="6000"/>
    <vertex id="49" x="6000" y="6000"/>
    <vertex id="50" x="7000" y="6000"/>
    <vertex id="51" x="8000" y="6000"/>
    <vertex id="52" x="10000" y="6000"/>
    <vertex id="53" x="12000" y="6000"/>
    <vertex id="54" x="13000" y="6000"/>
    <vertex id="55" x="14000" y="6000"/>
    <vertex id="56" x="15000" y="6000"/>

    <vertex id="57" x="2000" y="7000"/>
    <vertex id="58" x="5000" y="7000"/>
    <vertex id="59" x="9000" y="7000"/>
    <vertex id="60" x="11000" y="7000"/>
    <vertex id="61" x="14000" y="7000"/>
    <vertex id="62" x="15000" y="7000"/>
    <vertex id="63" x="16000" y="7000"/>
    <vertex id="64" x="17000" y="7000"/>

    <vertex id="65" x="0" y="8000"/>
    <vertex id="66" x="1000" y="8000"/>
    <vertex id="67" x="2000" y="8000"/>
    <vertex id="68" x="3000" y="8000"/>
    <vertex id="69" x="4000" y="8000"/>
    <vertex id="70" x="5000" y="8000"/>
    <vertex id="71" x="6000" y="8000"/>
    <vertex id="72" x="7000" y="8000"/>
    <vertex id="73" x="8000" y="8000"/>
    <vertex id="74" x="9000" y="8000"/>
    <vertex id="75" x="10000" y="8000"/>
    <vertex id="76" x="12000" y="8000"/>
    <vertex id="77" x="13000" y="8000"/>
    <vertex id="78" x="14000" y="8000"/>
    <vertex id="79" x="15000" y="8000"/>
    <vertex id="80" x="16000" y="8000"/>
    <vertex id="81" x="17000" y="8000"/>
    <vertex id="82" x="18000" y="8000"/>
    <vertex id="83" x="19000" y="8000"/>
    <vertex id="84" x="20000" y="8000"/>

    <vertex id="85" x="10000" y="9000"/>
    <vertex id="86" x="11000" y="9000"/>
    <vertex id="87" x="13000" y="9000"/>
    <vertex id="88" x="14000" y="9000"/>
    <vertex id="89" x="15000" y="9000"/>
    <vertex id="90" x="16000" y="9000"/>
    <vertex id="91" x="17000" y="9000"/>
    <vertex id="92" x="18000" y="9000"/>
    <vertex id="93" x="21000" y="9000"/>
    <vertex id="94" x="22000" y="9000"/>
    <vertex id="95" x="23000" y="9000"/>



    <vertex id="96" x="11000" y="10000"/>
    <vertex id="97" x="12000" y="10000"/>
    <vertex id="98" x="13000" y="10000"/>
    <vertex id="99" x="14000" y="10000"/>
    <vertex id="100" x="15000" y="10000"/>
    <vertex id="101" x="16000" y="10000"/>
    <vertex id="102" x="17000" y="10000"/>
    <vertex id="103" x="18000" y="10000"/>
    <vertex id="104" x="19000" y="10000"/>
    <vertex id="105" x="20000" y="10000"/>
    <vertex id="106" x="21000" y="10000"/>
    <vertex id="107" x="22000" y="10000"/>
    <vertex id="108" x="23000" y="10000"/>
    <vertex id="109" x="24000" y="10000"/>
    <vertex id="110" x="25000" y="10000"/>

    <vertex id="111" x="12000" y="11000"/>
    <vertex id="112" x="15000" y="11000"/>
    <vertex id="113" x="16000" y="11000"/>
    <vertex id="114" x="17000" y="11000"/>
    <vertex id="115" x="18000" y="11000"/>
    <vertex id="116" x="19000" y="11000"/>
    <vertex id="117" x="20000" y="11000"/>
    <vertex id="118" x="21000" y="11000"/>
    <vertex id="119" x="22000" y="11000"/>
    <vertex id="120" x="24000" y="11000"/>
    <vertex id="121" x="25000" y="11000"/>
    <vertex id="122" x="26000" y="11000"/>

    <vertex id="123" x="13000" y="12000"/>
    <vertex id="124" x="14000" y="12000"/>
    <vertex id="125" x="15000" y="12000"/>
    <vertex id="126" x="16000" y="12000"/>
    <vertex id="127" x="17000" y="12000"/>
    <vertex id="128" x="18000" y="12000"/>
    <vertex id="129" x="19000" y="12000"/>
    <vertex id="130" x="20000" y="12000"/>
    <vertex id="131" x="23000" y="12000"/>
    <vertex id="132" x="26000" y="12000"/>
    <vertex id="133" x="27000" y="12000"/>
    <vertex id="134" x="28000" y="12000"/>
    <vertex id="135" x="29000" y="12000"/>
    <vertex id="136" x="30000" y="12000"/>

    <vertex id="137" x="14000" y="13000"/>
    <vertex id="138" x="15000" y="13000"/>
    <vertex id="139" x="16000" y="13000"/>
    <vertex id="140" x="17000" y="13000"/>
    <vertex id="141" x="18000" y="13000"/>
    <vertex id="142" x="19000" y="13000"/>
    <vertex id="143" x="20000" y="13000"/>
    <vertex id="144" x="21000" y="13000"/>
    <vertex id="145" x="22000" y="13000"/>
    <vertex id="146" x="23000" y="13000"/>
    <vertex id="147" x="24000" y="13000"/>
    <vertex id="148" x="25000" y="13000"/>
    <vertex id="149" x="26000" y="13000"/>
    <vertex id="150" x="27000" y="13000"/>
    <vertex id="151" x="28000" y="13000"/>
    <vertex id="152" x="29000" y="13000"/>
    <vertex id="153" x="30000" y="13000"/>



    <edge from="0" to="1" type="right-left" length="1000" maxSpeed="200"/>
    <edge from="1" to="2" type="right-left" length="1000" maxSpeed="200"/>
    <edge from="2" to="3" type="right-left" length="1000" maxSpeed="200"/>

    <edge from="4" to="0" type="right-left" length="1410" maxSpeed="200"/>
    <edge from="5" to="6" type="right-left" length="1000" maxSpeed="200"/>
    <edge from="6" to="7" type="right-left" length="1000" maxSpeed="200"/>

    <edge from="8" to="9" type="right-left" length="1000" maxSpeed="200"/>
    <edge from="8" to="4" type="right-left" length="1410" maxSpeed="200"/>
    <edge from="9" to="10" type="right-left" length="1000" maxSpeed="200"/>
    <edge from="10" to="5" type="right-left" length="1410" maxSpeed="200"/>
    <edge from="11" to="12" type="right-left" length="1000" maxSpeed="200"/>
    <edge from="12" to="13" type="right-left" length="1000" maxSpeed="200"/>
    <edge from="13" to="14" type="right-left" length="1000" maxSpeed="200"/>
    <edge from="15" to="8" type="right-left" length="1410" maxSpeed="200"/>
    <edge from="16" to="11" type="right-left" length="1410" maxSpeed="200"/>
    <edge from="17" to="18" type="right-left" length="1000" maxSpeed="200"/>
    <edge from="18" to="19" type="right-left" length="1000" maxSpeed="200"/>
    <edge from="19" to="20" type="right-left" length="1000" maxSpeed="200"/>

    <edge from="21" to="15" type="right-left" length="1410" maxSpeed="200"/>
    <edge from="21" to="22" type="right-left" length="1000" maxSpeed="200"/>
    <edge from="22" to="36" type="right-left" length="1410" maxSpeed="200"/>
    <edge from="23" to="16" type="right-left" length="1410" maxSpeed="200"/>
    <edge from="24" to="17" type="right-left" length="1410" maxSpeed="200"/>
    <edge from="25" to="26" type="right-left" length="1000" maxSpeed="200"/>
    <edge from="27" to="28" type="right-left" length="1000" maxSpeed="200"/>

    <edge from="29" to="30" type="right-left" length="1000" maxSpeed="200"/>
    <edge from="30" to="31" type="right-left" length="1000" maxSpeed="200"/>
    <edge from="31" to="32" type="right-left" length="1000" maxSpeed="200"/>
    <edge from="32" to="33" type="right-left" length="1000" maxSpeed="200"/>
    <edge from="33" to="34" type="right-left" length="1000" maxSpeed="200"/>
    <edge from="34" to="35" type="right-left" length="1000" maxSpeed="200"/>
    <edge from="34" to="21" type="right-left" length="1410" maxSpeed="200"/>
    <edge from="36" to="37" type="right-left" length="1000" maxSpeed="200"/>
    <edge from="37" to="38" type="right-left" length="1000" maxSpeed="200"/>
    <edge from="37" to="23" type="right-left" length="1410" maxSpeed="200"/>
    <edge from="38" to="39" type="right-left" length="1000" maxSpeed="200"/>
    <edge from="38" to="24" type="right-left" length="1410" maxSpeed="200"/>
    <edge from="39" to="25" type="right-left" length="1410" maxSpeed="200"/>
    <edge from="40" to="41" type="right-left" length="1000" maxSpeed="200"/>
    <edge from="40" to="27" type="right-left" length="1410" maxSpeed="200"/>
    <edge from="41" to="42" type="right-left" length="1000" maxSpeed="200"/>

    <edge from="43" to="44" type="right-left" length="1000" maxSpeed="200"/>
    <edge from="44" to="45" type="right-left" length="1000" maxSpeed="200"/>
    <edge from="45" to="46" type="right-left" length="1000" maxSpeed="200"/>
    <edge from="46" to="47" type="right-left" length="1000" maxSpeed="200"/>
    <edge from="47" to="48" type="right-left" length="1000" maxSpeed="200"/>
    <edge from="48" to="49" type="right-left" length="1000" maxSpeed="200"/>
    <edge from="49" to="50" type="right-left" length="1000" maxSpeed="200"/>
    <edge from="50" to="51" type="right-left" length="1000" maxSpeed="200"/>
    <edge from="50" to="34" type="right-left" length="1410" maxSpeed="200"/>
    <edge from="35" to="52" type="right-left" length="1410" maxSpeed="200"/>
    <edge from="36" to="53" type="right-left" length="1410" maxSpeed="200"/>
    <edge from="53" to="54" type="right-left" length="1000" maxSpeed="200"/>
    <edge from="54" to="55" type="right-left" length="1000" maxSpeed="200"/>
    <edge from="55" to="56" type="right-left" length="1000" maxSpeed="200"/>
    <edge from="56" to="40" type="right-left" length="1410" maxSpeed="200"/>

    <edge from="44" to="57" type="right-left" length="1410" maxSpeed="200"/>
    <edge from="47" to="58" type="right-left" length="1410" maxSpeed="200"/>
    <edge from="58" to="49" type="right-left" length="1410" maxSpeed="200"/>
    <edge from="51" to="59" type="right-left" length="1410" maxSpeed="200"/>
    <edge from="52" to="60" type="right-left" length="1410" maxSpeed="200"/>
    <edge from="61" to="62" type="right-left" length="1000" maxSpeed="200"/>
    <edge from="62" to="63" type="right-left" length="1000" maxSpeed="200"/>
    <edge from="63" to="64" type="right-left" length="1000" maxSpeed="200"/>

    <edge from="65" to="66" type="right-left" length="1000" maxSpeed="200"/>
    <edge from="66" to="67" type="right-left" length="1000" maxSpeed="200"/>
    <edge from="67" to="68" type="right-left" length="1000" maxSpeed="200"/>
    <edge from="57" to="68" type="right-left" length="1410" maxSpeed="200"/>
    <edge from="68" to="69" type="right-left" length="1000" maxSpeed="200"/>
    <edge from="69" to="58" type="right-left" length="1410" maxSpeed="200"/>
    <edge from="69" to="70" type="right-left" length="1000" maxSpeed="200"/>
    <edge from="70" to="71" type="right-left" length="1000" maxSpeed="200"/>
    <edge from="58" to="71" type="right-left" length="1410" maxSpeed="200"/>
    <edge from="71" to="72" type="right-left" length="1000" maxSpeed="200"/>
    <edge from="72" to="73" type="right-left" length="1000" maxSpeed="200"/>
    <edge from="73" to="74" type="right-left" length="1000" maxSpeed="200"/>
    <edge from="59" to="75" type="right-left" length="1410" maxSpeed="200"/>
    <edge from="60" to="76" type="right-left" length="1410" maxSpeed="200"/>
    <edge from="76" to="77" type="right-left" length="1000" maxSpeed="200"/>
    <edge from="77" to="78" type="right-left" length="1000" maxSpeed="200"/>
    <edge from="77" to="61" type="right-left" length="1410" maxSpeed="200"/>
    <edge from="78" to="79" type="right-left" length="1000" maxSpeed="200"/>
    <edge from="79" to="80" type="right-left" length="1000" maxSpeed="200"/>
    <edge from="80" to="81" type="right-left" length="1000" maxSpeed="200"/>
    <edge from="81" to="82" type="right-left" length="1000" maxSpeed="200"/>
    <edge from="64" to="82" type="right-left" length="1410" maxSpeed="200"/>
    <edge from="82" to="83" type="right-left" length="1000" maxSpeed="200"/>
    <edge from="83" to="84" type="right-left" length="1000" maxSpeed="200"/>

    <edge from="74" to="85" type="right-left" length="1410" maxSpeed="200"/>
    <edge from="75" to="86" type="right-left" length="1410" maxSpeed="200"/>
    <edge from="76" to="87" type="right-left" length="1410" maxSpeed="200"/>
    <edge from="87" to="88" type="right-left" length="1000" maxSpeed="200"/>
    <edge from="88" to="89" type="right-left" length="1000" maxSpeed="200"/>
    <edge from="89" to="90" type="right-left" length="1000" maxSpeed="200"/>
    <edge from="90" to="91" type="right-left" length="1000" maxSpeed="200"/>
    <edge from="91" to="92" type="right-left" length="1000" maxSpeed="200"/>
    <edge from="92" to="83" type="right-left" length="1410" maxSpeed="200"/>
    <edge from="84" to="93" type="right-left" length="1410" maxSpeed="200"/>
    <edge from="93" to="94" type="right-left" length="1000" maxSpeed="200"/>
    <edge from="94" to="95" type="right-left" length="1000" maxSpeed="200"/>

    <edge from="85" to="96" type="right-left" length="1410" maxSpeed="200"/>
    <edge from="86" to="97" type="right-left" length="1410" maxSpeed="200"/>
    <edge from="97" to="98" type="right-left" length="1000" maxSpeed="200"/>
    <edge from="98" to="88" type="right-left" length="1000" maxSpeed="200"/>
    <edge from="98" to="99" type="right-left" length="1000" maxSpeed="200"/>
    <edge from="99" to="100" type="right-left" length="1000" maxSpeed="200"/>
    <edge from="100" to="101" type="right-left" length="1000" maxSpeed="200"/>
    <edge from="101" to="102" type="right-left" length="1000" maxSpeed="200"/>
    <edge from="102" to="103" type="right-left" length="1000" maxSpeed="200"/>
    <edge from="103" to="104" type="right-left" length="1000" maxSpeed="200"/>
    <edge from="104" to="105" type="right-left" length="1000" maxSpeed="200"/>
    <edge from="105" to="106" type="right-left" length="1000" maxSpeed="200"/>
    <edge from="106" to="107" type="right-left" length="1000" maxSpeed="200"/>
    <edge from="93" to="107" type="right-left" length="1410" maxSpeed="200"/>
    <edge from="107" to="108" type="right-left" length="1000" maxSpeed="200"/>
    <edge from="108" to="109" type="right-left" length="1000" maxSpeed="200"/>
    <edge from="109" to="110" type="right-left" length="1000" maxSpeed="200"/>

    <edge from="96" to="111" type="right-left" length="1410" maxSpeed="200"/>
    <edge from="99" to="112" type="right-left" length="1410" maxSpeed="200"/>
    <edge from="112" to="113" type="right-left" length="1000" maxSpeed="200"/>
    <edge from="113" to="114" type="right-left" length="1000" maxSpeed="200"/>
    <edge from="114" to="115" type="right-left" length="1000" maxSpeed="200"/>
    <edge from="115" to="116" type="right-left" length="1000" maxSpeed="200"/>
    <edge from="103" to="116" type="right-left" length="1410" maxSpeed="200"/>
    <edge from="116" to="117" type="right-left" length="1000" maxSpeed="200"/>
    <edge from="117" to="118" type="right-left" length="1000" maxSpeed="200"/>
    <edge from="118" to="119" type="right-left" length="1000" maxSpeed="200"/>
    <edge from="119" to="108" type="right-left" length="1410" maxSpeed="200"/>
    <edge from="120" to="121" type="right-left" length="1000" maxSpeed="200"/>
    <edge from="121" to="122" type="right-left" length="1000" maxSpeed="200"/>
    <edge from="109" to="121" type="right-left" length="1410" maxSpeed="200"/>
    <edge from="110" to="122" type="right-left" length="1410" maxSpeed="200"/>



    <edge from="111" to="123" type="right-left" length="1410" maxSpeed="200"/>
    <edge from="123" to="124" type="right-left" length="1000" maxSpeed="200"/>
    <edge from="124" to="125" type="right-left" length="1000" maxSpeed="200"/>
    <edge from="125" to="126" type="right-left" length="1000" maxSpeed="200"/>
    <edge from="125" to="113" type="right-left" length="1410" maxSpeed="200"/>
    <edge from="126" to="127" type="right-left" length="1000" maxSpeed="200"/>
    <edge from="127" to="128" type="right-left" length="1000" maxSpeed="200"/>
    <edge from="128" to="129" type="right-left" length="1000" maxSpeed="200"/>
    <edge from="129" to="130" type="right-left" length="1000" maxSpeed="200"/>
    <edge from="131" to="120" type="right-left" length="1410" maxSpeed="200"/>
    <edge from="121" to="132" type="right-left" length="1410" maxSpeed="200"/>
    <edge from="122" to="133" type="right-left" length="1410" maxSpeed="200"/>
    <edge from="133" to="134" type="right-left" length="1000" maxSpeed="200"/>
    <edge from="134" to="135" type="right-left" length="1000" maxSpeed="200"/>
    <edge from="135" to="136" type="right-left" length="1000" maxSpeed="200"/>

    <edge from="123" to="137" type="right-left" length="1410" maxSpeed="200"/>
    <edge from="137" to="138" type="right-left" length="1000" maxSpeed="200"/>
    <edge from="138" to="139" type="right-left" length="1000" maxSpeed="200"/>
    <edge from="139" to="140" type="right-left" length="1000" maxSpeed="200"/>
    <edge from="140" to="141" type="right-left" length="1000" maxSpeed="200"/>
    <edge from="141" to="142" type="right-left" length="1000" maxSpeed="200"/>
    <edge from="142" to="143" type="right-left" length="1000" maxSpeed="200"/>
    <edge from="130" to="144" type="right-left" length="1410" maxSpeed="200"/>
    <edge from="143" to="144" type="right-left" length="1000" maxSpeed="200"/>
    <edge from="144" to="145" type="right-left" length="1000" maxSpeed="200"/>
    <edge from="145" to="146" type="right-left" length="1000" maxSpeed="200"/>
    <edge from="145" to="131" type="right-left" length="1410" maxSpeed="200"/>
    <edge from="146" to="147" type="right-left" length="1000" maxSpeed="200"/>
    <edge from="147" to="148" type="right-left" length="1000" maxSpeed="200"/>
    <edge from="148" to="149" type="right-left" length="1000" maxSpeed="200"/>
    <edge from="149" to="150" type="right-left" length="1000" maxSpeed="200"/>
    <edge from="132" to="150" type="right-left" length="1410" maxSpeed="200"/>
    <edge from="150" to="151" type="right-left" length="1000" maxSpeed="200"/>
    <edge from="151" to="152" type="right-left" length="1000" maxSpeed="200"/>
    <edge from="151" to="135" type="right-left" length="1410" maxSpeed="200"/>
    <edge from="152" to="153" type="right-left" length="1000" maxSpeed="200"/>



</map>
